<?xml version="1.0" encoding="UTF-8"?><module codename="org.openide.awt">
    <module_version install_time="1360796217646" last="true" origin="installer" specification_version="7.55.1">
        <file crc="3208246121" name="config/Modules/org-openide-awt.xml"/>
        <file crc="3241200508" name="modules/locale/org-openide-awt_ja.jar"/>
        <file crc="396272836" name="modules/locale/org-openide-awt_pt_BR.jar"/>
        <file crc="2055233816" name="modules/locale/org-openide-awt_ru.jar"/>
        <file crc="1661852183" name="modules/locale/org-openide-awt_zh_CN.jar"/>
        <file crc="2381182592" name="modules/org-openide-awt.jar"/>
    </module_version>
</module>
