<?xml version="1.0" encoding="UTF-8"?><module codename="org.netbeans.core.output2/1">
    <module_version install_time="1360797432375" last="true" origin="installer" specification_version="1.30.1">
        <file crc="1198063063" name="config/Modules/org-netbeans-core-output2.xml"/>
        <file crc="4269105591" name="modules/locale/org-netbeans-core-output2_ja.jar"/>
        <file crc="919141885" name="modules/locale/org-netbeans-core-output2_pt_BR.jar"/>
        <file crc="2556915003" name="modules/locale/org-netbeans-core-output2_ru.jar"/>
        <file crc="1556482415" name="modules/locale/org-netbeans-core-output2_zh_CN.jar"/>
        <file crc="642655903" name="modules/org-netbeans-core-output2.jar"/>
    </module_version>
</module>
