<?xml version="1.0" encoding="UTF-8"?><module codename="org.openide.loaders">
    <module_version install_time="1360796679109" last="true" origin="installer" specification_version="7.44.1">
        <file crc="3523985554" name="config/ModuleAutoDeps/org-openide-loaders.xml"/>
        <file crc="3241200" name="config/Modules/org-openide-loaders.xml"/>
        <file crc="179069206" name="modules/locale/org-openide-loaders_ja.jar"/>
        <file crc="2935990156" name="modules/locale/org-openide-loaders_pt_BR.jar"/>
        <file crc="3159949121" name="modules/locale/org-openide-loaders_ru.jar"/>
        <file crc="2600271387" name="modules/locale/org-openide-loaders_zh_CN.jar"/>
        <file crc="314210837" name="modules/org-openide-loaders.jar"/>
    </module_version>
</module>
