<?xml version="1.0" encoding="UTF-8"?><module codename="org.netbeans.libs.osgi">
    <module_version install_time="1360795053696" last="true" origin="installer" specification_version="1.12.1">
        <file crc="3882420389" name="config/Modules/org-netbeans-libs-osgi.xml"/>
        <file crc="3805933642" name="modules/ext/osgi.cmpn-4.2.jar"/>
        <file crc="1785461684" name="modules/ext/osgi.core-5.0.0.jar"/>
        <file crc="4171865971" name="modules/locale/org-netbeans-libs-osgi_ja.jar"/>
        <file crc="2665124534" name="modules/locale/org-netbeans-libs-osgi_pt_BR.jar"/>
        <file crc="3433432316" name="modules/locale/org-netbeans-libs-osgi_ru.jar"/>
        <file crc="1282483855" name="modules/locale/org-netbeans-libs-osgi_zh_CN.jar"/>
        <file crc="1772085587" name="modules/org-netbeans-libs-osgi.jar"/>
    </module_version>
</module>
