<?xml version="1.0" encoding="UTF-8"?><module codename="org.openide.actions">
    <module_version install_time="1360796662893" last="true" origin="installer" specification_version="6.29.1">
        <file crc="3556488737" name="config/Modules/org-openide-actions.xml"/>
        <file crc="4071257332" name="modules/locale/org-openide-actions_ja.jar"/>
        <file crc="1841384996" name="modules/locale/org-openide-actions_pt_BR.jar"/>
        <file crc="3719050454" name="modules/locale/org-openide-actions_ru.jar"/>
        <file crc="3765181634" name="modules/locale/org-openide-actions_zh_CN.jar"/>
        <file crc="1013650975" name="modules/org-openide-actions.jar"/>
    </module_version>
</module>
