<?xml version="1.0" encoding="UTF-8"?><module codename="org.netbeans.modules.masterfs.linux">
    <module_version install_time="1360796405551" last="true" origin="installer" specification_version="1.4.1">
        <file crc="367044464" name="config/Modules/org-netbeans-modules-masterfs-linux.xml"/>
        <file crc="3044910682" name="modules/locale/org-netbeans-modules-masterfs-linux_ja.jar"/>
        <file crc="1367072056" name="modules/locale/org-netbeans-modules-masterfs-linux_pt_BR.jar"/>
        <file crc="580545862" name="modules/locale/org-netbeans-modules-masterfs-linux_ru.jar"/>
        <file crc="739720654" name="modules/locale/org-netbeans-modules-masterfs-linux_zh_CN.jar"/>
        <file crc="1853423677" name="modules/org-netbeans-modules-masterfs-linux.jar"/>
    </module_version>
</module>
