<?xml version="1.0" encoding="UTF-8"?><module codename="org.netbeans.modules.spi.actions/1">
    <module_version install_time="1360796096037" last="true" origin="installer" specification_version="1.18.1">
        <file crc="1336977091" name="config/Modules/org-netbeans-modules-spi-actions.xml"/>
        <file crc="50907478" name="modules/locale/org-netbeans-modules-spi-actions_ja.jar"/>
        <file crc="2963865700" name="modules/locale/org-netbeans-modules-spi-actions_pt_BR.jar"/>
        <file crc="2055898260" name="modules/locale/org-netbeans-modules-spi-actions_ru.jar"/>
        <file crc="2177438850" name="modules/locale/org-netbeans-modules-spi-actions_zh_CN.jar"/>
        <file crc="1777245651" name="modules/org-netbeans-modules-spi-actions.jar"/>
    </module_version>
</module>
