<?xml version="1.0" encoding="UTF-8"?><module codename="org.netbeans.core.io.ui/1">
    <module_version install_time="1360796580849" last="true" origin="installer" specification_version="1.20.1">
        <file crc="937424920" name="config/Modules/org-netbeans-core-io-ui.xml"/>
        <file crc="578570208" name="modules/locale/org-netbeans-core-io-ui_ja.jar"/>
        <file crc="824409552" name="modules/locale/org-netbeans-core-io-ui_pt_BR.jar"/>
        <file crc="2988940586" name="modules/locale/org-netbeans-core-io-ui_ru.jar"/>
        <file crc="2135615293" name="modules/locale/org-netbeans-core-io-ui_zh_CN.jar"/>
        <file crc="1500524607" name="modules/org-netbeans-core-io-ui.jar"/>
    </module_version>
</module>
