<?xml version="1.0" encoding="UTF-8"?><module codename="org.jdesktop.beansbinding/1">
    <module_version install_time="1360794865711" last="true" origin="installer" specification_version="1.18.1.121">
        <file crc="3832461749" name="config/Modules/org-jdesktop-beansbinding.xml"/>
        <file crc="66307609" name="docs/beansbinding-1.2.1-doc.zip"/>
        <file crc="826192464" name="modules/ext/beansbinding-1.2.1.jar"/>
        <file crc="2964851212" name="modules/locale/org-jdesktop-beansbinding_ja.jar"/>
        <file crc="460848504" name="modules/locale/org-jdesktop-beansbinding_pt_BR.jar"/>
        <file crc="2198847026" name="modules/locale/org-jdesktop-beansbinding_ru.jar"/>
        <file crc="104699693" name="modules/locale/org-jdesktop-beansbinding_zh_CN.jar"/>
        <file crc="3390906312" name="modules/org-jdesktop-beansbinding.jar"/>
    </module_version>
</module>
